{
  "spec/system/school_contacts_spec.rb": 7.576719012999092,
  "spec/system/admin/alert_type_management_ratings_spec.rb": 16.984634135005763,
  "spec/system/admin/users_spec.rb": 0.836720527993748,
  "spec/system/admin/school_partners_spec.rb": 1.4693535520054866,
  "spec/system/admin/meter_collections_spec.rb": 1.051886599001591,
  "spec/system/admin/meter_reviews/bill_requests_spec.rb": 5.288699350989191,
  "spec/system/school_times_spec.rb": 0.5318647069943836,
  "spec/system/management/dashboard_spec.rb": 0.38730947200383525,
  "spec/system/programme_type_spec.rb": 11.11474552800064,
  "spec/system/school_groups/clusters_spec.rb": 21.209834815002978,
  "spec/system/schools/dashboard/school_targets_spec.rb": 4.526824661996216,
  "spec/system/schools/advice_pages/hot_water_spec.rb": 7.072013573008007,
  "spec/system/schools/downloads_spec.rb": 0.7941998259921093,
  "spec/system/admin/school_groups_spec.rb": 41.861633409003844,
  "spec/system/school_alerts_report_spec.rb": 0.2057980690005934,
  "spec/system/admin/consent_grants_spec.rb": 1.7106045929976972,
  "spec/system/home_spec.rb": 1.4948345230077393,
  "spec/system/schools/consent_documents_spec.rb": 5.242246897003497,
  "spec/system/school_admin/user_management_spec.rb": 9.962110530992504,
  "spec/system/schools/dashboard/timeline_spec.rb": 1.1651580089965137,
  "spec/system/schools/school_targets_spec.rb": 36.72869406400423,
  "spec/system/edit_activity_spec.rb": 0.7102028700028313,
  "spec/system/admin/help_pages_spec.rb": 0.3765678539930377,
  "spec/system/admin/reports/community_use_spec.rb": 0.10822418599855155,
  "spec/system/admin/jobs_spec.rb": 0.27938128499954473,
  "spec/system/schools/recommendations_spec.rb": 1.9815601120062638,
  "spec/system/admin/amr_validated_readings_spec.rb": 1.5845022160065128,
  "spec/system/schools/advice_pages/solar_pv_spec.rb": 9.186204557001474,
  "spec/system/admin/amr_uploaded_readings_spec.rb": 15.501542026002426,
  "spec/system/interventions_spec.rb": 9.226211543995305,
  "spec/system/activities_spec.rb": 9.956272155002807,
  "spec/system/schools/advice_pages/electricity_out_of_hours_spec.rb": 5.896357136007282,
  "spec/system/admin/school_creation_spec.rb": 0.9459918439970352,
  "spec/system/admin/reports/school_group_meter_reports_spec.rb": 1.9969707949931035,
  "spec/system/schools/energy_tariffs_spec.rb": 24.923899737012107,
  "spec/system/admin/school_batch_reports_spec.rb": 0.21774413299863227,
  "spec/system/activity_types_spec.rb": 2.153365722988383,
  "spec/system/admin/activity_categories_spec.rb": 0.7234500089980429,
  "spec/system/admin/reports/activity_types_spec.rb": 0.48767530199256726,
  "spec/system/school_onboarding_spec.rb": 30.808131650002906,
  "spec/system/admin/scoreboard_spec.rb": 0.42880018400319386,
  "spec/system/admin/issues_spec.rb": 19.95325129000412,
  "spec/system/admin/school_users_spec.rb": 12.378721350993146,
  "spec/system/admin/partners_spec.rb": 0.6080390550050652,
  "spec/system/schools/dashboard/management_table_spec.rb": 0.8715263299964136,
  "spec/system/admin/reports/engaged_services_spec.rb": 0.46151397199719213,
  "spec/system/school_spec.rb": 2.9753177519887686,
  "spec/system/schools/transport_surveys_spec.rb": 28.167412399998284,
  "spec/system/sign_in_spec.rb": 6.604043326995452,
  "spec/system/intervention_type_groups_spec.rb": 0.4723197999992408,
  "spec/system/schools/advice_pages/gas_recent_changes_spec.rb": 6.3020096059917705,
  "spec/system/admin/consent_statements_spec.rb": 0.7963659840024775,
  "spec/system/videos_spec.rb": 0.10829106799792498,
  "spec/system/calendar_spec.rb": 1.0240875699964818,
  "spec/system/jobs_spec.rb": 0.4523899259947939,
  "spec/system/admin/newsletter_spec.rb": 0.29259835999982897,
  "spec/system/admin/case_studies_spec.rb": 0.38301787700038403,
  "spec/system/admin/advice_pages_spec.rb": 0.791278955002781,
  "spec/system/admin/reports/interventions_spec.rb": 0.16488866400322877,
  "spec/system/admin/manual_data_loading_spec.rb": 0.9023708820022875,
  "spec/system/admin/resources_spec.rb": 0.5959758380049607,
  "spec/system/admin/school_removal_spec.rb": 1.9658366679941537,
  "spec/system/admin/reports/solar_panels_spec.rb": 0.26663571898825467,
  "spec/system/admin/reports/amr_reading_warnings_spec.rb": 0.31213019699498545,
  "spec/system/admin/reports/transifex_loads_spec.rb": 0.6356528739997884,
  "spec/system/schools/audits_spec.rb": 23.333799487008946,
  "spec/system/activity_category_spec.rb": 2.475508600997273,
  "spec/system/schools/transport_surveys_app_spec.rb": 38.13958133300184,
  "spec/system/schools/advice_pages/storage_heaters_spec.rb": 6.0103056460066,
  "spec/system/admin/meter_attributes_spec.rb": 3.274040332995355,
  "spec/system/admin/settings_spec.rb": 0.5710547439957736,
  "spec/system/admin/intervention_type_groups_spec.rb": 0.5142243340087589,
  "spec/system/mailchimp_signup_spec.rb": 0.11946584799443372,
  "spec/system/admin_mode_spec.rb": 0.3210602939943783,
  "spec/system/admin/school_configuration_spec.rb": 2.427921091002645,
  "spec/system/schools/activity_category_spec.rb": 0.7501073219900718,
  "spec/system/admin/settings/energy_tariffs_spec.rb": 6.150802168995142,
  "spec/system/robots_spec.rb": 0.021825697986059822,
  "spec/system/meter_management_spec.rb": 21.965894881999702,
  "spec/system/schools/dashboard/charts_spec.rb": 1.8241278269997565,
  "spec/system/schools/dashboard/alerts_spec.rb": 1.1975319320044946,
  "spec/system/admin/videos_spec.rb": 0.24746548000257462,
  "spec/system/group_admin/permissions_spec.rb": 0.255369812992285,
  "spec/system/admin/reports/tariffs_report_spec.rb": 0.507130418001907,
  "spec/system/schools/progress_spec.rb": 7.615328480998869,
  "spec/system/schools/live_data_spec.rb": 1.9747785100043984,
  "spec/system/map_spec.rb": 0.21833560599770863,
  "spec/system/admin/data_sources_spec.rb": 4.615891262990772,
  "spec/system/admin/reports/unvalidated_readings_spec.rb": 0.5438414039963391,
  "spec/system/admin/emails_spec.rb": 2.444850915999268,
  "spec/system/admin/good_job_spec.rb": 0.3622073970036581,
  "spec/system/schools/advice_pages/electricity_costs_spec.rb": 9.929163620996405,
  "spec/system/schools/advice_pages/electricity_intraday_spec.rb": 5.962897275996511,
  "spec/system/admin/solar_pv_areas_spec.rb": 0.8582685209985357,
  "spec/system/compare_spec.rb": 36.97759741000482,
  "spec/system/admin/reports/energy_tariffs_report_spec.rb": 0.29241341300075874,
  "spec/system/intervention_types_spec.rb": 0.7385461950034369,
  "spec/system/school_groups/energy_tariffs_spec.rb": 13.174338365992298,
  "spec/system/school_switcher_spec.rb": 0.1891288789920509,
  "spec/system/temperature_recordings_spec.rb": 1.7504526459961198,
  "spec/system/admin/meter_reviews/consent_requests_spec.rb": 5.348556429991731,
  "spec/system/admin/meter_reviews/meter_reviews_spec.rb": 7.711778277007397,
  "spec/system/account_confirmation_spec.rb": 2.089008946000831,
  "spec/system/admin/transport_types_spec.rb": 6.721745325005031,
  "spec/system/alert_unsubscription_spec.rb": 1.675740938007948,
  "spec/system/schools/dashboard/navigation_spec.rb": 10.15479411301203,
  "spec/system/rtone_variant_installation_spec.rb": 0.3752831339952536,
  "spec/system/admin/dark_sky_areas_spec.rb": 0.17195851099677384,
  "spec/system/schools/estimated_annual_consumptions_spec.rb": 2.2594342619995587,
  "spec/system/schools/advice_pages/electricity_recent_changes_spec.rb": 5.732138127001235,
  "spec/system/solar_edge_installation_spec.rb": 3.053566059010336,
  "spec/system/schools/advice_pages/gas_long_term_spec.rb": 7.785570819003624,
  "spec/system/school_batch_run_spec.rb": 0.2863377439934993,
  "spec/system/school_alerts_spec.rb": 0.6399300830089487,
  "spec/system/schools/dashboard/management_priorities_spec.rb": 0.9247928499971749,
  "spec/system/admin/alert_mailer_spec.rb": 0.09627810100209899,
  "spec/system/admin/reports/amr_data_feed_import_logs_spec.rb": 0.5009238140046364,